marker,chr,pos,mean_lod
S2_37820883,2,70.03129183,8.72507823990157
S2_44257418,2,94.71205672,3.5779245373542
S5_29574617,5,69.55526516,7.07688680970427
S5_41999990,5,100.4130166,9.55764439212346
S6_2516340,6,18.4798954,6.70775771518106
S7_32133319,7,99.94477983,7.0847967684097
S9_6724364,9,34.93391023,3.91096838986217
